ticket_id,customer_id,ticket_date,category,severity
TK00001,CUST0002,2023-08-01,Billing Question,Medium
TK00002,CUST0002,2023-08-06,Billing Question,Low
TK00003,CUST0003,2024-04-17,Feature Request,Low
TK00004,CUST0003,2024-05-13,Billing Question,Low
TK00005,CUST0003,2024-05-18,Complaint,Low
TK00006,CUST0004,2023-10-13,Feature Request,Low
TK00007,CUST0004,2024-03-20,Bug Report,Low
TK00008,CUST0005,2023-08-12,Billing Question,Medium
TK00009,CUST0006,2023-06-14,Billing Question,High
TK00010,CUST0006,2023-06-09,Billing Question,Low
TK00011,CUST0006,2023-08-13,Bug Report,Medium
TK00012,CUST0006,2023-08-14,Complaint,Medium
TK00013,CUST0006,2023-08-15,Complaint,Medium
TK00014,CUST0006,2023-05-27,Billing Question,High
TK00015,CUST0007,2023-10-27,Billing Question,Low
TK00016,CUST0007,2023-12-01,Billing Question,Low
TK00017,CUST0007,2024-01-28,Billing Question,High
TK00018,CUST0008,2024-03-25,Feature Request,Low
TK00019,CUST0011,2023-12-21,Complaint,High
TK00020,CUST0011,2024-01-30,Billing Question,Low
TK00021,CUST0011,2024-06-09,Feature Request,Medium
TK00022,CUST0012,2023-12-24,Complaint,Low
TK00023,CUST0014,2023-09-06,Billing Question,Medium
TK00024,CUST0014,2024-03-14,Billing Question,Medium
TK00025,CUST0014,2023-10-23,Bug Report,High
TK00026,CUST0016,2024-04-01,Complaint,High
TK00027,CUST0016,2024-04-03,Billing Question,Low
TK00028,CUST0017,2024-04-27,Feature Request,Medium
TK00029,CUST0017,2024-04-08,Bug Report,Medium
TK00030,CUST0018,2023-12-04,Complaint,Medium
TK00031,CUST0021,2024-03-20,Billing Question,Medium
TK00032,CUST0021,2024-05-10,Billing Question,Low
TK00033,CUST0022,2023-07-21,Billing Question,Medium
TK00034,CUST0022,2023-07-17,Complaint,Low
TK00035,CUST0023,2024-03-10,Complaint,Medium
TK00036,CUST0026,2023-11-11,Complaint,Low
TK00037,CUST0026,2024-02-10,Feature Request,Medium
TK00038,CUST0027,2024-05-01,Bug Report,Low
TK00039,CUST0027,2024-06-15,Billing Question,Medium
TK00040,CUST0027,2024-05-14,Feature Request,Low
TK00041,CUST0027,2023-10-27,Bug Report,Medium
TK00042,CUST0027,2024-03-27,Complaint,High
TK00043,CUST0028,2023-08-14,Feature Request,High
TK00044,CUST0029,2024-05-25,Complaint,Low
TK00045,CUST0030,2023-03-26,Bug Report,Low
TK00046,CUST0030,2023-03-20,Billing Question,Low
TK00047,CUST0030,2023-03-29,Complaint,Low
TK00048,CUST0030,2023-04-04,Billing Question,Low
TK00049,CUST0033,2024-01-26,Bug Report,Low
TK00050,CUST0034,2024-06-02,Feature Request,Low
TK00051,CUST0034,2024-05-04,Bug Report,Low
TK00052,CUST0035,2023-11-28,Billing Question,Low
TK00053,CUST0035,2024-02-29,Feature Request,Low
TK00054,CUST0038,2024-05-21,Billing Question,Low
TK00055,CUST0038,2023-11-24,Feature Request,Low
TK00056,CUST0040,2024-04-15,Complaint,Medium
TK00057,CUST0040,2024-04-17,Complaint,Low
TK00058,CUST0040,2024-05-23,Feature Request,Low
TK00059,CUST0040,2024-03-28,Bug Report,Low
TK00060,CUST0042,2024-04-27,Feature Request,Medium
TK00061,CUST0044,2023-07-28,Complaint,Medium
TK00062,CUST0044,2023-04-18,Complaint,Medium
TK00063,CUST0044,2023-08-15,Bug Report,Medium
TK00064,CUST0044,2023-05-06,Feature Request,High
TK00065,CUST0044,2023-07-30,Bug Report,Medium
TK00066,CUST0044,2023-05-31,Bug Report,High
TK00067,CUST0044,2023-09-02,Billing Question,Low
TK00068,CUST0044,2023-07-09,Complaint,Medium
TK00069,CUST0046,2023-06-24,Complaint,Low
TK00070,CUST0047,2024-06-26,Complaint,Medium
TK00071,CUST0047,2024-05-31,Complaint,High
TK00072,CUST0047,2024-05-02,Bug Report,Low
TK00073,CUST0048,2023-06-19,Billing Question,Low
TK00074,CUST0049,2024-03-29,Billing Question,Low
TK00075,CUST0050,2023-03-18,Feature Request,Medium
TK00076,CUST0050,2023-03-17,Complaint,Low
TK00077,CUST0051,2024-02-23,Feature Request,Medium
TK00078,CUST0051,2023-12-27,Complaint,Medium
TK00079,CUST0052,2024-01-30,Feature Request,Low
TK00080,CUST0052,2024-04-14,Complaint,Medium
TK00081,CUST0053,2024-02-24,Feature Request,High
TK00082,CUST0054,2024-04-10,Bug Report,Medium
TK00083,CUST0055,2023-06-19,Feature Request,Low
TK00084,CUST0055,2023-02-27,Feature Request,Low
TK00085,CUST0056,2024-02-12,Billing Question,Low
TK00086,CUST0056,2023-08-31,Billing Question,High
TK00087,CUST0056,2023-09-27,Feature Request,Medium
TK00088,CUST0056,2024-01-24,Billing Question,High
TK00089,CUST0056,2024-02-09,Complaint,High
TK00090,CUST0056,2023-11-28,Bug Report,Medium
TK00091,CUST0057,2024-05-04,Feature Request,Low
TK00092,CUST0057,2024-02-06,Feature Request,Medium
TK00093,CUST0058,2024-03-24,Bug Report,Medium
TK00094,CUST0061,2024-04-02,Bug Report,Low
TK00095,CUST0061,2024-06-11,Billing Question,Medium
TK00096,CUST0061,2024-04-15,Complaint,Low
TK00097,CUST0062,2024-02-07,Complaint,Low
TK00098,CUST0063,2024-05-24,Complaint,Low
TK00099,CUST0064,2024-01-25,Bug Report,Medium
TK00100,CUST0065,2024-04-14,Billing Question,Low
TK00101,CUST0065,2024-04-13,Feature Request,Low
TK00102,CUST0065,2024-04-27,Feature Request,Low
TK00103,CUST0066,2023-12-10,Complaint,Medium
TK00104,CUST0068,2023-10-23,Complaint,Low
TK00105,CUST0069,2024-04-03,Bug Report,Medium
TK00106,CUST0069,2024-04-12,Feature Request,Medium
TK00107,CUST0070,2023-11-13,Feature Request,Low
TK00108,CUST0070,2024-04-20,Bug Report,Medium
TK00109,CUST0072,2024-04-17,Complaint,Low
TK00110,CUST0072,2023-12-28,Complaint,Low
TK00111,CUST0072,2024-02-26,Billing Question,Low
TK00112,CUST0075,2024-02-20,Bug Report,Low
TK00113,CUST0076,2023-12-11,Feature Request,Medium
TK00114,CUST0077,2024-01-12,Bug Report,Low
TK00115,CUST0078,2023-07-21,Bug Report,Medium
TK00116,CUST0078,2023-06-13,Billing Question,Low
TK00117,CUST0081,2024-04-22,Feature Request,Medium
TK00118,CUST0083,2024-02-05,Complaint,Low
TK00119,CUST0085,2023-06-15,Billing Question,Medium
TK00120,CUST0086,2024-04-20,Billing Question,Medium
TK00121,CUST0086,2024-03-02,Feature Request,Low
TK00122,CUST0086,2023-11-24,Billing Question,Low
TK00123,CUST0086,2024-04-24,Feature Request,Low
TK00124,CUST0086,2024-05-08,Feature Request,High
TK00125,CUST0087,2023-10-27,Bug Report,Low
TK00126,CUST0087,2024-03-23,Complaint,High
TK00127,CUST0088,2024-05-28,Feature Request,Medium
TK00128,CUST0088,2023-12-29,Billing Question,Medium
TK00129,CUST0088,2023-12-06,Billing Question,Low
TK00130,CUST0090,2024-05-10,Feature Request,Medium
TK00131,CUST0091,2024-01-01,Complaint,Low
TK00132,CUST0093,2024-02-07,Feature Request,Medium
TK00133,CUST0094,2023-03-15,Complaint,Low
TK00134,CUST0095,2023-01-19,Bug Report,Low
TK00135,CUST0096,2023-11-21,Feature Request,Medium
TK00136,CUST0097,2024-04-30,Feature Request,Low
TK00137,CUST0098,2023-05-26,Complaint,Low
TK00138,CUST0098,2024-03-24,Bug Report,Medium
TK00139,CUST0099,2024-03-07,Bug Report,Medium
TK00140,CUST0099,2024-05-12,Complaint,Medium
TK00141,CUST0100,2024-02-18,Feature Request,Medium
TK00142,CUST0100,2024-06-20,Complaint,Low
TK00143,CUST0100,2024-04-29,Complaint,Medium
TK00144,CUST0101,2023-08-26,Complaint,Low
TK00145,CUST0101,2023-11-23,Feature Request,Low
TK00146,CUST0103,2024-04-15,Billing Question,Medium
TK00147,CUST0104,2024-04-22,Complaint,Medium
TK00148,CUST0105,2023-05-26,Bug Report,Low
TK00149,CUST0105,2023-05-19,Complaint,Low
TK00150,CUST0105,2023-08-02,Billing Question,Low
TK00151,CUST0106,2023-06-15,Bug Report,High
TK00152,CUST0108,2023-10-05,Complaint,Low
TK00153,CUST0108,2024-02-09,Billing Question,Medium
TK00154,CUST0110,2023-05-17,Feature Request,Low
TK00155,CUST0111,2023-11-30,Feature Request,Low
TK00156,CUST0111,2023-12-04,Feature Request,Low
TK00157,CUST0112,2023-12-10,Feature Request,Medium
TK00158,CUST0113,2024-02-19,Billing Question,Low
TK00159,CUST0115,2024-03-08,Complaint,High
TK00160,CUST0115,2024-04-24,Complaint,Medium
TK00161,CUST0115,2024-04-14,Bug Report,Low
TK00162,CUST0115,2024-05-12,Bug Report,Low
TK00163,CUST0117,2024-05-14,Billing Question,Low
TK00164,CUST0118,2024-05-07,Complaint,Low
TK00165,CUST0118,2024-05-15,Feature Request,Medium
TK00166,CUST0119,2024-06-01,Complaint,Medium
TK00167,CUST0120,2023-04-22,Billing Question,Medium
TK00168,CUST0120,2023-04-09,Bug Report,High
TK00169,CUST0121,2024-01-29,Bug Report,Low
TK00170,CUST0121,2024-06-01,Feature Request,Low
TK00171,CUST0122,2024-02-28,Billing Question,Medium
TK00172,CUST0122,2023-12-27,Billing Question,Low
TK00173,CUST0123,2023-10-26,Bug Report,Medium
TK00174,CUST0123,2023-09-16,Billing Question,Low
TK00175,CUST0124,2024-01-04,Billing Question,Medium
TK00176,CUST0124,2024-01-20,Billing Question,High
TK00177,CUST0124,2024-04-13,Complaint,Medium
TK00178,CUST0125,2023-09-11,Bug Report,Medium
TK00179,CUST0126,2023-03-02,Billing Question,Medium
TK00180,CUST0127,2024-03-05,Complaint,Low
TK00181,CUST0127,2024-03-24,Complaint,Low
TK00182,CUST0131,2024-06-22,Billing Question,Low
TK00183,CUST0131,2024-04-19,Bug Report,Low
TK00184,CUST0132,2024-04-13,Feature Request,Medium
TK00185,CUST0133,2023-03-31,Bug Report,Medium
TK00186,CUST0133,2023-04-15,Feature Request,Low
TK00187,CUST0134,2024-03-16,Billing Question,Medium
TK00188,CUST0135,2023-12-10,Feature Request,Medium
TK00189,CUST0136,2023-10-22,Billing Question,Low
TK00190,CUST0136,2024-05-31,Bug Report,Low
TK00191,CUST0137,2023-12-17,Bug Report,Low
TK00192,CUST0137,2024-03-11,Bug Report,High
TK00193,CUST0139,2024-05-20,Feature Request,Low
TK00194,CUST0139,2023-11-26,Complaint,Low
TK00195,CUST0140,2024-01-27,Billing Question,Medium
TK00196,CUST0142,2023-04-12,Bug Report,Low
TK00197,CUST0143,2023-08-23,Bug Report,Low
TK00198,CUST0143,2024-03-10,Billing Question,Low
TK00199,CUST0144,2023-07-10,Bug Report,High
TK00200,CUST0148,2023-07-21,Complaint,Low
TK00201,CUST0148,2023-10-13,Complaint,Low
TK00202,CUST0148,2023-10-06,Complaint,Low
TK00203,CUST0149,2024-02-05,Billing Question,Low
TK00204,CUST0151,2023-10-17,Feature Request,Low
TK00205,CUST0151,2023-07-18,Billing Question,High
TK00206,CUST0152,2024-02-25,Billing Question,Low
TK00207,CUST0153,2023-10-04,Complaint,Medium
TK00208,CUST0154,2024-05-04,Bug Report,Low
TK00209,CUST0155,2024-04-20,Complaint,Medium
TK00210,CUST0155,2023-10-17,Billing Question,Low
TK00211,CUST0158,2023-11-28,Bug Report,High
TK00212,CUST0159,2024-05-23,Bug Report,Low
TK00213,CUST0160,2024-06-28,Bug Report,Low
TK00214,CUST0160,2024-05-13,Billing Question,Low
TK00215,CUST0161,2024-05-12,Billing Question,Medium
TK00216,CUST0161,2024-06-06,Billing Question,Low
TK00217,CUST0161,2024-06-16,Feature Request,Low
TK00218,CUST0162,2024-05-08,Feature Request,Low
TK00219,CUST0163,2024-06-05,Billing Question,Medium
TK00220,CUST0163,2024-05-07,Feature Request,Medium
TK00221,CUST0165,2023-05-31,Bug Report,Medium
TK00222,CUST0168,2023-11-27,Bug Report,Low
TK00223,CUST0171,2024-05-05,Complaint,Low
TK00224,CUST0172,2024-01-16,Bug Report,Low
TK00225,CUST0173,2024-04-05,Bug Report,Low
TK00226,CUST0174,2023-10-20,Feature Request,Low
TK00227,CUST0174,2024-01-26,Complaint,Medium
TK00228,CUST0174,2023-12-04,Bug Report,High
TK00229,CUST0175,2024-03-25,Bug Report,Low
TK00230,CUST0175,2024-06-25,Bug Report,Low
TK00231,CUST0176,2023-11-25,Bug Report,Low
TK00232,CUST0176,2024-04-08,Complaint,Low
TK00233,CUST0177,2023-07-24,Billing Question,Low
TK00234,CUST0177,2023-09-09,Bug Report,Medium
TK00235,CUST0178,2024-05-11,Complaint,Low
TK00236,CUST0179,2024-01-03,Billing Question,Low
TK00237,CUST0179,2024-06-10,Feature Request,Low
TK00238,CUST0179,2024-02-09,Bug Report,Medium
TK00239,CUST0179,2024-03-30,Bug Report,Low
TK00240,CUST0180,2024-06-26,Bug Report,Low
TK00241,CUST0180,2024-04-24,Bug Report,High
TK00242,CUST0181,2024-04-25,Bug Report,Medium
TK00243,CUST0181,2024-05-11,Feature Request,Medium
TK00244,CUST0183,2023-09-21,Feature Request,Low
TK00245,CUST0183,2023-10-31,Complaint,Low
TK00246,CUST0184,2023-06-28,Billing Question,Low
TK00247,CUST0184,2023-04-25,Feature Request,Medium
TK00248,CUST0185,2023-08-07,Billing Question,Low
TK00249,CUST0186,2023-04-26,Complaint,High
TK00250,CUST0187,2024-02-09,Billing Question,Medium
TK00251,CUST0188,2024-02-17,Billing Question,Low
TK00252,CUST0189,2024-05-19,Complaint,Low
TK00253,CUST0189,2024-05-21,Feature Request,Medium
TK00254,CUST0189,2024-04-17,Bug Report,High
TK00255,CUST0190,2023-06-11,Bug Report,Medium
TK00256,CUST0190,2023-07-29,Complaint,Medium
TK00257,CUST0192,2024-01-30,Feature Request,Low
TK00258,CUST0192,2024-03-16,Billing Question,Low
TK00259,CUST0193,2024-01-05,Bug Report,High
TK00260,CUST0193,2024-01-18,Billing Question,Medium
TK00261,CUST0194,2024-06-21,Bug Report,Low
TK00262,CUST0195,2023-03-17,Billing Question,Medium
TK00263,CUST0195,2023-03-09,Complaint,Medium
TK00264,CUST0195,2023-03-30,Feature Request,Low
TK00265,CUST0199,2023-12-02,Bug Report,Medium
TK00266,CUST0200,2023-08-25,Billing Question,Medium
TK00267,CUST0201,2024-05-30,Billing Question,High
TK00268,CUST0201,2024-05-02,Bug Report,High
TK00269,CUST0201,2024-05-10,Bug Report,Medium
TK00270,CUST0201,2024-05-11,Complaint,High
TK00271,CUST0201,2024-05-09,Billing Question,High
TK00272,CUST0201,2024-05-28,Bug Report,High
TK00273,CUST0201,2024-06-01,Bug Report,High
TK00274,CUST0201,2024-05-31,Bug Report,High
TK00275,CUST0201,2024-05-20,Bug Report,Low
TK00276,CUST0201,2024-06-05,Billing Question,Medium
TK00277,CUST0201,2024-05-11,Bug Report,Medium
TK00278,CUST0201,2024-06-14,Complaint,High
TK00279,CUST0202,2024-05-15,Complaint,Low
TK00280,CUST0202,2024-06-17,Bug Report,Low
TK00281,CUST0203,2024-03-23,Feature Request,Medium
TK00282,CUST0206,2024-06-04,Bug Report,Low
TK00283,CUST0207,2023-07-19,Feature Request,Low
TK00284,CUST0209,2023-12-16,Billing Question,High
TK00285,CUST0209,2023-12-19,Complaint,Low
TK00286,CUST0209,2024-05-30,Feature Request,Low
TK00287,CUST0209,2024-05-14,Billing Question,Low
TK00288,CUST0210,2023-11-05,Complaint,Medium
TK00289,CUST0210,2024-01-09,Billing Question,Low
TK00290,CUST0211,2024-06-25,Bug Report,Medium
TK00291,CUST0212,2023-12-20,Billing Question,Low
TK00292,CUST0213,2024-01-18,Bug Report,Medium
TK00293,CUST0213,2024-02-21,Billing Question,Low
TK00294,CUST0215,2023-01-07,Complaint,Low
TK00295,CUST0215,2023-01-13,Bug Report,Medium
TK00296,CUST0217,2024-04-26,Feature Request,High
TK00297,CUST0219,2024-04-09,Bug Report,Low
TK00298,CUST0219,2024-01-25,Bug Report,Low
TK00299,CUST0219,2023-06-28,Complaint,Medium
TK00300,CUST0219,2024-03-01,Bug Report,High
TK00301,CUST0220,2024-05-22,Feature Request,Low
TK00302,CUST0220,2024-04-14,Complaint,Low
TK00303,CUST0221,2024-02-18,Complaint,Medium
TK00304,CUST0221,2024-03-30,Complaint,Low
TK00305,CUST0222,2024-06-06,Complaint,Medium
TK00306,CUST0223,2023-08-22,Billing Question,Low
TK00307,CUST0224,2023-07-16,Billing Question,Low
TK00308,CUST0224,2023-07-16,Complaint,Medium
TK00309,CUST0224,2023-06-19,Bug Report,Medium
TK00310,CUST0225,2024-02-01,Billing Question,Medium
TK00311,CUST0226,2024-06-08,Complaint,Low
TK00312,CUST0226,2024-03-12,Complaint,Low
TK00313,CUST0226,2023-05-09,Feature Request,Low
TK00314,CUST0227,2024-04-21,Complaint,Low
TK00315,CUST0227,2024-05-30,Billing Question,Medium
TK00316,CUST0228,2023-12-12,Bug Report,High
TK00317,CUST0228,2023-12-13,Feature Request,Low
TK00318,CUST0229,2023-10-07,Complaint,Low
TK00319,CUST0229,2023-11-07,Feature Request,Low
TK00320,CUST0230,2024-03-02,Billing Question,Low
TK00321,CUST0230,2024-05-30,Billing Question,Low
TK00322,CUST0231,2024-03-30,Feature Request,Low
TK00323,CUST0231,2023-09-04,Complaint,Low
TK00324,CUST0232,2023-08-19,Billing Question,High
TK00325,CUST0233,2024-01-31,Bug Report,Low
TK00326,CUST0234,2023-11-08,Billing Question,Low
TK00327,CUST0234,2023-03-03,Bug Report,Medium
TK00328,CUST0235,2024-04-01,Billing Question,Medium
TK00329,CUST0235,2023-08-02,Complaint,Low
TK00330,CUST0236,2024-03-06,Billing Question,Low
TK00331,CUST0236,2024-06-19,Feature Request,Medium
TK00332,CUST0237,2023-11-21,Feature Request,High
TK00333,CUST0237,2024-01-23,Bug Report,Medium
TK00334,CUST0237,2023-12-09,Feature Request,High
TK00335,CUST0238,2024-01-28,Billing Question,Medium
TK00336,CUST0240,2023-09-13,Billing Question,Medium
TK00337,CUST0241,2024-01-27,Complaint,Low
TK00338,CUST0241,2023-03-08,Billing Question,Low
TK00339,CUST0242,2024-04-16,Bug Report,Low
TK00340,CUST0242,2024-05-27,Billing Question,Low
TK00341,CUST0242,2023-04-17,Complaint,Low
TK00342,CUST0243,2024-02-10,Billing Question,Medium
TK00343,CUST0243,2024-02-12,Feature Request,Medium
TK00344,CUST0244,2024-06-23,Feature Request,Low
TK00345,CUST0244,2024-06-27,Billing Question,Medium
TK00346,CUST0245,2024-06-03,Billing Question,Medium
TK00347,CUST0245,2024-05-04,Feature Request,High
TK00348,CUST0247,2023-10-16,Feature Request,Medium
TK00349,CUST0247,2023-09-15,Complaint,Medium
TK00350,CUST0248,2024-06-22,Feature Request,Low
TK00351,CUST0248,2024-04-30,Billing Question,High
TK00352,CUST0248,2024-04-27,Complaint,Medium
TK00353,CUST0251,2023-08-04,Complaint,Medium
TK00354,CUST0252,2023-09-21,Billing Question,Medium
TK00355,CUST0253,2023-10-26,Feature Request,Low
TK00356,CUST0255,2023-05-03,Billing Question,Low
TK00357,CUST0255,2023-05-06,Feature Request,Low
TK00358,CUST0258,2024-06-17,Bug Report,High
TK00359,CUST0259,2024-02-29,Complaint,Medium
TK00360,CUST0260,2024-05-27,Bug Report,Low
TK00361,CUST0260,2024-04-08,Feature Request,High
TK00362,CUST0260,2024-06-15,Billing Question,Medium
TK00363,CUST0261,2024-05-22,Bug Report,High
TK00364,CUST0261,2024-04-25,Billing Question,Low
TK00365,CUST0262,2024-04-11,Bug Report,Low
TK00366,CUST0262,2024-05-01,Feature Request,Low
TK00367,CUST0263,2024-02-06,Bug Report,Medium
TK00368,CUST0264,2024-06-29,Feature Request,Low
TK00369,CUST0266,2023-12-12,Feature Request,Low
TK00370,CUST0267,2024-03-01,Bug Report,Low
TK00371,CUST0267,2024-03-25,Bug Report,Medium
TK00372,CUST0268,2024-02-04,Bug Report,Low
TK00373,CUST0269,2024-06-28,Complaint,High
TK00374,CUST0270,2024-05-31,Complaint,Low
TK00375,CUST0270,2024-04-14,Complaint,Low
TK00376,CUST0271,2024-03-17,Complaint,Low
TK00377,CUST0271,2024-06-23,Complaint,Medium
TK00378,CUST0271,2024-03-08,Billing Question,Low
TK00379,CUST0272,2024-02-26,Bug Report,Medium
TK00380,CUST0273,2024-02-24,Bug Report,Low
TK00381,CUST0274,2023-12-22,Feature Request,Low
TK00382,CUST0274,2024-04-26,Bug Report,Low
TK00383,CUST0274,2024-05-03,Billing Question,Medium
TK00384,CUST0275,2023-09-03,Billing Question,Medium
TK00385,CUST0278,2024-01-15,Bug Report,Low
TK00386,CUST0278,2024-06-10,Complaint,Medium
TK00387,CUST0279,2024-01-16,Complaint,High
TK00388,CUST0280,2024-05-08,Billing Question,Medium
TK00389,CUST0280,2024-06-07,Complaint,Low
TK00390,CUST0281,2023-08-23,Bug Report,Low
TK00391,CUST0281,2023-08-17,Billing Question,Low
TK00392,CUST0281,2023-08-29,Feature Request,Medium
TK00393,CUST0282,2023-10-16,Feature Request,Low
TK00394,CUST0282,2023-05-22,Bug Report,Low
TK00395,CUST0282,2023-04-17,Complaint,Low
TK00396,CUST0282,2023-05-03,Feature Request,Low
TK00397,CUST0282,2023-07-31,Bug Report,Low
TK00398,CUST0284,2023-06-15,Complaint,High
TK00399,CUST0284,2023-10-01,Bug Report,Low
TK00400,CUST0284,2023-09-28,Bug Report,Medium
TK00401,CUST0284,2023-10-27,Bug Report,High
TK00402,CUST0284,2023-08-17,Bug Report,Medium
TK00403,CUST0284,2023-09-16,Billing Question,High
TK00404,CUST0285,2024-05-01,Bug Report,Medium
TK00405,CUST0287,2024-02-12,Complaint,Low
TK00406,CUST0287,2024-03-08,Complaint,Low
TK00407,CUST0287,2024-04-30,Complaint,Low
TK00408,CUST0288,2024-04-18,Complaint,Low
TK00409,CUST0289,2023-08-03,Billing Question,Medium
TK00410,CUST0290,2023-09-21,Bug Report,Low
TK00411,CUST0291,2024-03-05,Bug Report,Low
TK00412,CUST0291,2024-05-21,Feature Request,Medium
TK00413,CUST0292,2024-05-19,Complaint,High
TK00414,CUST0292,2024-04-28,Billing Question,Medium
TK00415,CUST0292,2023-09-18,Complaint,Medium
TK00416,CUST0292,2024-05-11,Complaint,High
TK00417,CUST0292,2023-10-22,Complaint,Medium
TK00418,CUST0292,2023-05-20,Billing Question,Low
TK00419,CUST0292,2023-04-19,Bug Report,Low
TK00420,CUST0293,2024-03-15,Bug Report,Low
TK00421,CUST0293,2024-01-26,Billing Question,Low
TK00422,CUST0294,2024-05-19,Complaint,Low
TK00423,CUST0294,2024-03-04,Billing Question,High
TK00424,CUST0295,2024-01-29,Billing Question,Low
TK00425,CUST0295,2023-10-25,Complaint,Low
TK00426,CUST0295,2024-06-06,Complaint,Low
TK00427,CUST0296,2024-05-31,Billing Question,Medium
TK00428,CUST0297,2024-03-11,Feature Request,Low
TK00429,CUST0299,2024-04-29,Bug Report,Low
TK00430,CUST0300,2024-01-18,Complaint,Medium
TK00431,CUST0301,2023-08-11,Feature Request,Low
TK00432,CUST0301,2023-05-17,Bug Report,Medium
TK00433,CUST0301,2023-05-27,Complaint,Low
TK00434,CUST0304,2024-02-09,Billing Question,Low
TK00435,CUST0306,2023-08-23,Bug Report,High
TK00436,CUST0306,2023-12-20,Bug Report,Medium
TK00437,CUST0307,2023-11-12,Feature Request,Medium
TK00438,CUST0307,2023-08-24,Feature Request,Low
TK00439,CUST0311,2024-03-11,Complaint,Medium
TK00440,CUST0313,2023-07-05,Complaint,Low
TK00441,CUST0314,2024-04-26,Feature Request,Low
TK00442,CUST0315,2024-06-04,Complaint,Low
TK00443,CUST0316,2024-02-15,Feature Request,Medium
TK00444,CUST0317,2023-04-02,Bug Report,Medium
TK00445,CUST0319,2023-05-23,Feature Request,Medium
TK00446,CUST0319,2024-04-07,Bug Report,Low
TK00447,CUST0319,2023-12-22,Feature Request,Low
TK00448,CUST0320,2023-09-05,Complaint,Medium
TK00449,CUST0322,2024-04-13,Bug Report,High
TK00450,CUST0322,2024-05-03,Billing Question,Low
TK00451,CUST0323,2023-05-13,Complaint,Medium
TK00452,CUST0324,2024-04-07,Feature Request,Low
TK00453,CUST0325,2024-04-29,Complaint,Medium
TK00454,CUST0326,2023-08-11,Bug Report,Low
TK00455,CUST0327,2023-10-21,Billing Question,High
TK00456,CUST0328,2024-01-18,Complaint,Medium
TK00457,CUST0330,2024-02-25,Feature Request,Medium
TK00458,CUST0330,2024-03-06,Billing Question,Low
TK00459,CUST0331,2024-05-22,Complaint,Low
TK00460,CUST0331,2024-04-01,Bug Report,Low
TK00461,CUST0331,2024-06-02,Billing Question,Medium
TK00462,CUST0332,2024-04-26,Bug Report,High
TK00463,CUST0332,2024-06-01,Complaint,High
TK00464,CUST0332,2024-04-03,Bug Report,High
TK00465,CUST0332,2024-05-30,Feature Request,High
TK00466,CUST0332,2024-04-29,Bug Report,Low
TK00467,CUST0333,2024-02-06,Feature Request,Low
TK00468,CUST0333,2024-02-21,Complaint,Low
TK00469,CUST0335,2023-08-13,Complaint,Medium
TK00470,CUST0335,2023-07-13,Feature Request,Low
TK00471,CUST0335,2024-05-10,Feature Request,Medium
TK00472,CUST0336,2023-11-03,Bug Report,Low
TK00473,CUST0336,2024-01-14,Complaint,Low
TK00474,CUST0337,2024-02-16,Billing Question,Medium
TK00475,CUST0339,2024-01-22,Billing Question,Medium
TK00476,CUST0339,2024-05-12,Feature Request,Medium
TK00477,CUST0341,2023-07-09,Bug Report,Medium
TK00478,CUST0342,2023-10-31,Bug Report,Low
TK00479,CUST0342,2024-03-01,Billing Question,Medium
TK00480,CUST0343,2024-05-07,Complaint,Low
TK00481,CUST0343,2024-05-25,Bug Report,High
TK00482,CUST0343,2024-06-14,Bug Report,High
TK00483,CUST0343,2024-05-31,Complaint,Medium
TK00484,CUST0343,2024-06-29,Billing Question,Medium
TK00485,CUST0344,2023-07-11,Feature Request,Low
TK00486,CUST0345,2023-11-17,Feature Request,Medium
TK00487,CUST0345,2024-03-30,Complaint,Medium
TK00488,CUST0346,2023-04-05,Bug Report,Low
TK00489,CUST0346,2023-11-07,Feature Request,Medium
TK00490,CUST0348,2023-03-04,Feature Request,Low
TK00491,CUST0348,2023-03-23,Bug Report,Low
TK00492,CUST0349,2024-02-05,Feature Request,High
TK00493,CUST0354,2023-08-22,Feature Request,Medium
TK00494,CUST0355,2023-07-24,Bug Report,High
TK00495,CUST0355,2023-09-02,Complaint,Medium
TK00496,CUST0355,2023-11-12,Bug Report,High
TK00497,CUST0355,2023-07-20,Complaint,High
TK00498,CUST0355,2024-02-06,Complaint,High
TK00499,CUST0356,2023-12-05,Feature Request,Medium
TK00500,CUST0356,2024-02-27,Bug Report,Medium
TK00501,CUST0357,2024-04-02,Feature Request,Low
TK00502,CUST0357,2024-01-04,Complaint,Low
TK00503,CUST0357,2024-02-14,Bug Report,Medium
TK00504,CUST0358,2023-10-04,Billing Question,Low
TK00505,CUST0359,2023-08-20,Billing Question,Medium
TK00506,CUST0360,2024-05-20,Complaint,High
TK00507,CUST0360,2023-12-24,Feature Request,Low
TK00508,CUST0362,2023-06-15,Billing Question,Medium
TK00509,CUST0363,2023-12-29,Billing Question,Low
TK00510,CUST0363,2023-12-20,Complaint,Low
TK00511,CUST0364,2024-02-23,Feature Request,Medium
TK00512,CUST0364,2024-03-05,Billing Question,High
TK00513,CUST0364,2024-02-01,Feature Request,Medium
TK00514,CUST0365,2023-07-20,Billing Question,Low
TK00515,CUST0366,2024-02-17,Feature Request,Low
TK00516,CUST0366,2024-01-13,Feature Request,Low
TK00517,CUST0366,2024-03-22,Feature Request,Low
TK00518,CUST0366,2024-06-14,Bug Report,Low
TK00519,CUST0367,2024-01-17,Bug Report,Low
TK00520,CUST0367,2024-04-07,Billing Question,Low
TK00521,CUST0368,2024-06-04,Complaint,Low
TK00522,CUST0369,2024-06-18,Complaint,Low
TK00523,CUST0370,2024-06-27,Billing Question,Low
TK00524,CUST0370,2024-06-19,Billing Question,Low
TK00525,CUST0373,2023-08-04,Complaint,Low
TK00526,CUST0373,2023-02-13,Billing Question,Medium
TK00527,CUST0375,2023-12-13,Complaint,Low
TK00528,CUST0378,2023-12-13,Billing Question,Low
TK00529,CUST0379,2024-05-22,Bug Report,Low
TK00530,CUST0380,2024-04-22,Feature Request,Low
TK00531,CUST0380,2024-05-19,Billing Question,Medium
TK00532,CUST0381,2024-06-27,Billing Question,Low
TK00533,CUST0381,2023-08-23,Bug Report,Low
TK00534,CUST0383,2023-12-10,Billing Question,Medium
TK00535,CUST0383,2024-01-16,Billing Question,High
TK00536,CUST0383,2023-12-27,Bug Report,High
TK00537,CUST0383,2023-12-31,Complaint,High
TK00538,CUST0384,2023-05-26,Feature Request,Medium
TK00539,CUST0384,2024-02-07,Billing Question,Low
TK00540,CUST0384,2024-02-21,Bug Report,Medium
TK00541,CUST0386,2024-02-18,Billing Question,Low
TK00542,CUST0386,2024-05-21,Feature Request,Low
TK00543,CUST0389,2023-08-26,Bug Report,Low
TK00544,CUST0389,2024-02-11,Feature Request,Low
TK00545,CUST0390,2024-02-24,Bug Report,Low
TK00546,CUST0390,2024-03-06,Feature Request,Low
TK00547,CUST0390,2023-02-03,Feature Request,Low
TK00548,CUST0391,2024-04-27,Billing Question,Low
TK00549,CUST0391,2024-04-18,Complaint,Low
TK00550,CUST0391,2023-09-27,Billing Question,Low
TK00551,CUST0391,2023-12-26,Complaint,Low
TK00552,CUST0392,2024-06-19,Billing Question,Medium
TK00553,CUST0393,2023-11-17,Billing Question,Low
TK00554,CUST0395,2024-05-31,Bug Report,Medium
TK00555,CUST0395,2024-05-16,Billing Question,Low
TK00556,CUST0396,2024-01-02,Bug Report,Low
TK00557,CUST0397,2023-08-25,Feature Request,Medium
TK00558,CUST0401,2024-05-04,Bug Report,Medium
TK00559,CUST0402,2024-01-28,Bug Report,Medium
TK00560,CUST0402,2024-05-10,Bug Report,Low
TK00561,CUST0402,2024-05-07,Bug Report,Low
TK00562,CUST0402,2023-12-25,Complaint,Low
TK00563,CUST0402,2024-03-20,Feature Request,Low
TK00564,CUST0404,2023-11-11,Billing Question,Low
TK00565,CUST0405,2024-05-03,Bug Report,Low
TK00566,CUST0406,2024-04-22,Bug Report,Medium
TK00567,CUST0406,2023-08-04,Feature Request,Medium
TK00568,CUST0407,2024-05-30,Billing Question,Low
TK00569,CUST0407,2024-01-03,Bug Report,Low
TK00570,CUST0408,2023-12-13,Bug Report,Low
TK00571,CUST0409,2023-12-24,Bug Report,Low
TK00572,CUST0409,2024-02-17,Billing Question,Medium
TK00573,CUST0409,2024-01-26,Billing Question,Low
TK00574,CUST0409,2024-03-28,Complaint,Low
TK00575,CUST0410,2024-05-07,Bug Report,Low
TK00576,CUST0410,2024-02-11,Billing Question,Medium
TK00577,CUST0411,2024-04-19,Complaint,Low
TK00578,CUST0411,2024-04-12,Bug Report,Low
TK00579,CUST0411,2024-02-28,Bug Report,High
TK00580,CUST0411,2024-02-21,Complaint,Low
TK00581,CUST0412,2024-06-16,Bug Report,Medium
TK00582,CUST0412,2024-05-08,Bug Report,Medium
TK00583,CUST0413,2023-04-08,Bug Report,High
TK00584,CUST0413,2023-03-19,Billing Question,Low
TK00585,CUST0414,2023-12-17,Feature Request,Low
TK00586,CUST0417,2024-06-07,Bug Report,Low
TK00587,CUST0418,2024-03-03,Billing Question,Medium
TK00588,CUST0419,2024-01-30,Feature Request,Low
TK00589,CUST0422,2024-01-11,Feature Request,Low
TK00590,CUST0424,2024-02-02,Bug Report,Low
TK00591,CUST0425,2024-04-03,Bug Report,Low
TK00592,CUST0425,2024-03-11,Billing Question,Medium
TK00593,CUST0425,2024-02-26,Billing Question,Low
TK00594,CUST0426,2023-12-29,Complaint,High
TK00595,CUST0428,2023-03-22,Feature Request,Medium
TK00596,CUST0428,2023-10-30,Bug Report,Low
TK00597,CUST0428,2023-08-27,Feature Request,Low
TK00598,CUST0429,2024-05-24,Complaint,Low
TK00599,CUST0432,2023-10-02,Complaint,Low
TK00600,CUST0432,2023-11-27,Complaint,Medium
TK00601,CUST0432,2024-02-10,Complaint,Medium
TK00602,CUST0433,2024-05-29,Billing Question,Low
TK00603,CUST0434,2024-04-10,Bug Report,High
TK00604,CUST0434,2024-06-13,Billing Question,Low
TK00605,CUST0434,2024-06-02,Complaint,Medium
TK00606,CUST0435,2023-04-25,Complaint,Low
TK00607,CUST0435,2023-06-30,Complaint,Medium
TK00608,CUST0436,2024-06-01,Bug Report,Medium
TK00609,CUST0437,2023-12-30,Billing Question,Low
TK00610,CUST0437,2024-01-28,Complaint,Low
TK00611,CUST0440,2024-05-04,Complaint,Low
TK00612,CUST0440,2024-04-27,Bug Report,Low
TK00613,CUST0441,2023-11-15,Feature Request,Low
TK00614,CUST0442,2024-01-22,Billing Question,High
TK00615,CUST0442,2023-06-14,Feature Request,Low
TK00616,CUST0443,2024-02-12,Bug Report,Low
TK00617,CUST0443,2024-05-21,Billing Question,Low
TK00618,CUST0443,2023-12-21,Complaint,Low
TK00619,CUST0445,2023-09-28,Bug Report,Low
TK00620,CUST0447,2023-10-24,Billing Question,Low
TK00621,CUST0447,2023-10-14,Complaint,Medium
TK00622,CUST0447,2023-11-04,Billing Question,Low
TK00623,CUST0448,2024-04-10,Complaint,Low
TK00624,CUST0449,2023-05-29,Feature Request,High
TK00625,CUST0449,2024-02-01,Bug Report,Low
TK00626,CUST0450,2023-12-04,Complaint,Low
TK00627,CUST0451,2024-06-17,Billing Question,Low
TK00628,CUST0451,2024-02-03,Complaint,Medium
TK00629,CUST0453,2024-06-19,Complaint,Low
TK00630,CUST0454,2023-07-25,Complaint,Low
TK00631,CUST0454,2023-05-12,Bug Report,High
TK00632,CUST0456,2023-05-14,Bug Report,Low
TK00633,CUST0457,2024-02-04,Complaint,Low
TK00634,CUST0457,2024-03-09,Bug Report,Medium
TK00635,CUST0458,2024-06-07,Feature Request,Medium
TK00636,CUST0459,2024-04-02,Billing Question,Medium
TK00637,CUST0459,2024-05-05,Complaint,High
TK00638,CUST0461,2024-04-27,Feature Request,Medium
TK00639,CUST0461,2024-04-28,Billing Question,Medium
TK00640,CUST0461,2024-05-30,Feature Request,Medium
TK00641,CUST0462,2024-04-17,Complaint,Medium
TK00642,CUST0464,2024-02-28,Feature Request,Medium
TK00643,CUST0464,2024-05-22,Bug Report,Low
TK00644,CUST0466,2024-05-06,Billing Question,Low
TK00645,CUST0466,2023-07-18,Feature Request,Medium
TK00646,CUST0466,2023-05-25,Feature Request,Low
TK00647,CUST0467,2024-01-29,Feature Request,Medium
TK00648,CUST0468,2024-04-22,Bug Report,Medium
TK00649,CUST0468,2024-01-11,Bug Report,High
TK00650,CUST0468,2024-02-21,Complaint,Low
TK00651,CUST0468,2024-05-22,Complaint,Medium
TK00652,CUST0468,2024-03-13,Complaint,Medium
TK00653,CUST0470,2023-10-30,Billing Question,High
TK00654,CUST0470,2023-08-29,Complaint,Low
TK00655,CUST0470,2023-09-03,Billing Question,High
TK00656,CUST0472,2024-05-07,Bug Report,Medium
TK00657,CUST0472,2024-06-01,Complaint,Low
TK00658,CUST0473,2023-10-14,Billing Question,High
TK00659,CUST0473,2023-09-05,Bug Report,Low
TK00660,CUST0473,2023-06-05,Bug Report,Medium
TK00661,CUST0474,2023-06-03,Complaint,Medium
TK00662,CUST0476,2023-09-20,Complaint,High
TK00663,CUST0477,2024-05-08,Billing Question,Medium
TK00664,CUST0477,2023-10-24,Billing Question,Medium
TK00665,CUST0478,2024-04-18,Billing Question,Low
TK00666,CUST0478,2023-07-20,Feature Request,Low
TK00667,CUST0479,2023-12-01,Complaint,Low
TK00668,CUST0481,2024-02-06,Billing Question,Low
TK00669,CUST0482,2023-11-13,Feature Request,High
TK00670,CUST0483,2024-01-03,Complaint,Medium
TK00671,CUST0484,2024-01-01,Billing Question,Low
TK00672,CUST0484,2024-02-29,Feature Request,Medium
TK00673,CUST0485,2024-05-11,Feature Request,Medium
TK00674,CUST0488,2024-01-12,Billing Question,Low
TK00675,CUST0488,2023-11-12,Feature Request,Medium
TK00676,CUST0488,2024-03-25,Billing Question,High
TK00677,CUST0488,2024-04-12,Billing Question,Low
TK00678,CUST0489,2023-10-09,Feature Request,Medium
TK00679,CUST0489,2023-12-07,Feature Request,Medium
TK00680,CUST0490,2023-11-01,Complaint,Medium
TK00681,CUST0491,2023-04-11,Feature Request,Medium
TK00682,CUST0492,2023-09-14,Complaint,Medium
TK00683,CUST0493,2023-11-09,Bug Report,Low
TK00684,CUST0496,2024-06-19,Billing Question,Low
TK00685,CUST0496,2023-11-26,Bug Report,Low
TK00686,CUST0496,2023-12-27,Billing Question,High
TK00687,CUST0497,2024-04-02,Feature Request,Low
TK00688,CUST0498,2023-10-13,Bug Report,Medium
TK00689,CUST0498,2023-10-09,Feature Request,Low
TK00690,CUST0499,2023-07-10,Bug Report,Low
TK00691,CUST0499,2024-06-20,Complaint,Low
TK00692,CUST0499,2024-04-15,Billing Question,Medium
TK00693,CUST0502,2024-02-22,Complaint,Low
TK00694,CUST0503,2024-06-08,Feature Request,Medium
TK00695,CUST0503,2024-02-16,Bug Report,High
TK00696,CUST0505,2023-09-21,Complaint,Low
TK00697,CUST0507,2024-01-09,Feature Request,High
TK00698,CUST0508,2024-04-09,Bug Report,Low
TK00699,CUST0510,2023-09-08,Feature Request,Low
TK00700,CUST0512,2023-08-08,Complaint,Medium
TK00701,CUST0512,2023-09-09,Feature Request,Medium
TK00702,CUST0512,2023-09-17,Billing Question,Medium
TK00703,CUST0513,2024-03-11,Billing Question,Low
TK00704,CUST0513,2023-08-03,Billing Question,High
TK00705,CUST0514,2023-04-17,Bug Report,Low
TK00706,CUST0514,2023-03-18,Billing Question,Medium
TK00707,CUST0515,2023-10-12,Bug Report,Low
TK00708,CUST0515,2023-07-01,Complaint,Low
TK00709,CUST0519,2024-05-03,Feature Request,Low
TK00710,CUST0519,2024-04-04,Feature Request,Low
TK00711,CUST0520,2024-04-02,Complaint,Medium
TK00712,CUST0520,2024-03-06,Billing Question,Low
TK00713,CUST0523,2024-06-24,Feature Request,Medium
TK00714,CUST0524,2024-05-25,Feature Request,Low
TK00715,CUST0525,2024-03-16,Feature Request,Low
TK00716,CUST0525,2024-03-25,Feature Request,Low
TK00717,CUST0526,2024-01-08,Complaint,High
TK00718,CUST0526,2023-03-29,Complaint,Medium
TK00719,CUST0526,2023-09-02,Feature Request,Medium
TK00720,CUST0526,2023-08-21,Bug Report,High
TK00721,CUST0526,2023-07-31,Complaint,Medium
TK00722,CUST0526,2023-05-14,Bug Report,High
TK00723,CUST0526,2023-06-03,Complaint,High
TK00724,CUST0527,2023-12-04,Bug Report,Low
TK00725,CUST0528,2023-12-16,Feature Request,Low
TK00726,CUST0529,2024-02-16,Billing Question,High
TK00727,CUST0529,2024-05-04,Feature Request,Low
TK00728,CUST0531,2024-01-05,Bug Report,Low
TK00729,CUST0532,2024-05-27,Feature Request,Low
TK00730,CUST0533,2023-11-20,Feature Request,Low
TK00731,CUST0533,2023-11-14,Complaint,Low
TK00732,CUST0536,2024-05-28,Feature Request,Medium
TK00733,CUST0540,2023-06-27,Billing Question,Low
TK00734,CUST0541,2023-09-15,Bug Report,High
TK00735,CUST0542,2023-11-04,Billing Question,High
TK00736,CUST0542,2024-02-24,Bug Report,Medium
TK00737,CUST0544,2023-12-17,Billing Question,Medium
TK00738,CUST0544,2024-05-04,Billing Question,Medium
TK00739,CUST0544,2024-02-12,Complaint,Medium
TK00740,CUST0544,2023-11-24,Billing Question,Low
TK00741,CUST0545,2024-03-20,Complaint,Medium
TK00742,CUST0546,2024-06-25,Bug Report,Medium
TK00743,CUST0546,2024-05-14,Billing Question,Low
TK00744,CUST0546,2024-06-02,Feature Request,Low
TK00745,CUST0547,2023-12-30,Bug Report,Low
TK00746,CUST0547,2024-02-18,Feature Request,Medium
TK00747,CUST0547,2024-05-01,Billing Question,High
TK00748,CUST0549,2024-04-26,Billing Question,High
TK00749,CUST0549,2024-05-20,Billing Question,Medium
TK00750,CUST0549,2024-02-11,Billing Question,Low
TK00751,CUST0549,2024-05-29,Bug Report,High
TK00752,CUST0549,2024-03-29,Bug Report,High
TK00753,CUST0549,2024-02-28,Bug Report,High
TK00754,CUST0549,2024-04-26,Billing Question,High
TK00755,CUST0551,2023-10-23,Feature Request,Medium
TK00756,CUST0553,2024-04-28,Feature Request,Medium
TK00757,CUST0553,2024-05-12,Feature Request,Medium
TK00758,CUST0554,2024-04-28,Complaint,Low
TK00759,CUST0555,2024-02-16,Complaint,Low
TK00760,CUST0555,2024-03-23,Bug Report,Medium
TK00761,CUST0555,2024-03-29,Complaint,High
TK00762,CUST0555,2023-11-01,Complaint,Medium
TK00763,CUST0555,2023-12-08,Complaint,Medium
TK00764,CUST0556,2024-05-09,Feature Request,High
TK00765,CUST0556,2024-01-17,Bug Report,Medium
TK00766,CUST0556,2024-04-22,Billing Question,Low
TK00767,CUST0557,2023-10-23,Bug Report,High
TK00768,CUST0557,2023-11-21,Feature Request,High
TK00769,CUST0557,2023-11-04,Bug Report,High
TK00770,CUST0557,2023-09-06,Complaint,Medium
TK00771,CUST0557,2023-09-27,Billing Question,High
TK00772,CUST0557,2023-11-11,Feature Request,Medium
TK00773,CUST0557,2023-11-17,Bug Report,High
TK00774,CUST0558,2024-05-11,Billing Question,Low
TK00775,CUST0559,2024-05-30,Bug Report,Medium
TK00776,CUST0561,2024-06-26,Complaint,Medium
TK00777,CUST0564,2024-01-18,Bug Report,Low
TK00778,CUST0564,2024-05-25,Bug Report,Low
TK00779,CUST0564,2024-06-22,Billing Question,Medium
TK00780,CUST0565,2024-01-18,Complaint,High
TK00781,CUST0567,2024-02-23,Billing Question,High
TK00782,CUST0567,2024-01-31,Bug Report,Medium
TK00783,CUST0567,2024-03-12,Bug Report,Medium
TK00784,CUST0567,2024-03-29,Billing Question,Medium
TK00785,CUST0569,2024-04-26,Complaint,High
TK00786,CUST0569,2023-12-23,Bug Report,High
TK00787,CUST0569,2024-01-18,Complaint,High
TK00788,CUST0569,2024-04-18,Bug Report,Medium
TK00789,CUST0570,2024-06-11,Billing Question,Medium
TK00790,CUST0570,2024-02-19,Complaint,Low
TK00791,CUST0571,2024-05-08,Feature Request,Low
TK00792,CUST0572,2024-04-01,Feature Request,Medium
TK00793,CUST0573,2024-04-29,Complaint,Low
TK00794,CUST0573,2024-01-21,Feature Request,Low
TK00795,CUST0573,2024-02-28,Bug Report,Low
TK00796,CUST0575,2024-05-24,Bug Report,Medium
TK00797,CUST0577,2023-09-19,Complaint,Low
TK00798,CUST0577,2023-06-14,Feature Request,Medium
TK00799,CUST0578,2024-03-21,Bug Report,Medium
TK00800,CUST0578,2024-03-22,Bug Report,Medium
TK00801,CUST0578,2024-05-09,Bug Report,Medium
TK00802,CUST0578,2024-06-17,Complaint,Medium
TK00803,CUST0578,2024-05-25,Billing Question,High
TK00804,CUST0578,2024-03-15,Feature Request,Low
TK00805,CUST0579,2024-05-11,Complaint,Medium
TK00806,CUST0581,2024-03-06,Billing Question,Low
TK00807,CUST0583,2024-05-26,Bug Report,High
TK00808,CUST0583,2024-05-11,Complaint,Medium
TK00809,CUST0584,2023-10-06,Complaint,Low
TK00810,CUST0584,2023-10-02,Bug Report,Low
TK00811,CUST0587,2023-07-24,Bug Report,Medium
TK00812,CUST0587,2023-11-05,Billing Question,Medium
TK00813,CUST0589,2024-01-29,Bug Report,Medium
TK00814,CUST0589,2024-02-11,Feature Request,High
TK00815,CUST0589,2023-12-07,Complaint,Low
TK00816,CUST0589,2024-01-23,Complaint,High
TK00817,CUST0589,2024-02-14,Bug Report,High
TK00818,CUST0589,2023-12-09,Bug Report,Medium
TK00819,CUST0589,2023-12-04,Bug Report,High
TK00820,CUST0591,2024-05-25,Feature Request,Low
TK00821,CUST0591,2023-09-06,Complaint,Medium
TK00822,CUST0593,2024-03-03,Bug Report,High
TK00823,CUST0595,2024-04-16,Feature Request,Low
TK00824,CUST0595,2024-03-29,Feature Request,Medium
TK00825,CUST0595,2024-05-29,Feature Request,Medium
TK00826,CUST0596,2024-06-12,Billing Question,Low
TK00827,CUST0597,2024-03-13,Complaint,Low
TK00828,CUST0597,2024-06-05,Bug Report,Low
TK00829,CUST0597,2024-02-11,Complaint,High
TK00830,CUST0600,2024-05-06,Billing Question,Low
TK00831,CUST0600,2024-05-19,Feature Request,Medium
TK00832,CUST0600,2024-05-06,Feature Request,Low
TK00833,CUST0601,2023-12-18,Complaint,Medium
TK00834,CUST0602,2024-03-30,Bug Report,Low
TK00835,CUST0602,2024-06-19,Billing Question,Low
TK00836,CUST0603,2024-06-23,Billing Question,Low
TK00837,CUST0603,2024-06-20,Feature Request,Low
TK00838,CUST0604,2023-03-19,Billing Question,Low
TK00839,CUST0607,2023-04-30,Complaint,High
TK00840,CUST0607,2023-11-14,Complaint,Medium
TK00841,CUST0607,2023-05-21,Bug Report,Low
TK00842,CUST0607,2023-08-27,Complaint,High
TK00843,CUST0607,2023-11-10,Feature Request,High
TK00844,CUST0607,2023-08-12,Billing Question,Medium
TK00845,CUST0608,2023-10-27,Billing Question,Medium
TK00846,CUST0608,2023-09-03,Billing Question,Low
TK00847,CUST0609,2024-06-25,Bug Report,Medium
TK00848,CUST0609,2024-06-07,Billing Question,Low
TK00849,CUST0610,2023-10-23,Feature Request,High
TK00850,CUST0610,2024-01-14,Complaint,Medium
TK00851,CUST0611,2024-05-26,Bug Report,Medium
TK00852,CUST0612,2023-10-13,Feature Request,High
TK00853,CUST0613,2024-04-21,Billing Question,Low
TK00854,CUST0613,2024-04-16,Complaint,Medium
TK00855,CUST0615,2024-04-06,Billing Question,Low
TK00856,CUST0616,2024-06-21,Complaint,Medium
TK00857,CUST0617,2024-02-22,Billing Question,Medium
TK00858,CUST0617,2023-08-03,Feature Request,Low
TK00859,CUST0618,2024-03-20,Feature Request,High
TK00860,CUST0618,2023-09-05,Bug Report,Low
TK00861,CUST0619,2024-03-26,Complaint,Low
TK00862,CUST0620,2024-02-22,Bug Report,Low
TK00863,CUST0627,2023-06-04,Complaint,Medium
TK00864,CUST0627,2023-08-19,Bug Report,Low
TK00865,CUST0631,2023-11-18,Bug Report,Medium
TK00866,CUST0631,2024-02-01,Bug Report,Low
TK00867,CUST0632,2024-03-25,Billing Question,High
TK00868,CUST0633,2024-05-18,Bug Report,Medium
TK00869,CUST0633,2024-04-20,Complaint,Low
TK00870,CUST0636,2023-11-26,Feature Request,Medium
TK00871,CUST0636,2023-10-19,Complaint,Low
TK00872,CUST0637,2024-04-01,Complaint,Medium
TK00873,CUST0639,2023-05-31,Complaint,Low
TK00874,CUST0639,2023-09-15,Bug Report,Low
TK00875,CUST0640,2023-05-24,Feature Request,Low
TK00876,CUST0640,2023-08-24,Billing Question,High
TK00877,CUST0640,2023-12-04,Bug Report,Low
TK00878,CUST0641,2024-04-18,Complaint,Low
TK00879,CUST0641,2024-06-10,Bug Report,Medium
TK00880,CUST0642,2023-04-18,Bug Report,Medium
TK00881,CUST0643,2024-02-05,Bug Report,Low
TK00882,CUST0643,2024-04-08,Complaint,Medium
TK00883,CUST0644,2024-04-23,Feature Request,Low
TK00884,CUST0644,2024-06-26,Bug Report,Low
TK00885,CUST0645,2023-08-26,Feature Request,Low
TK00886,CUST0645,2023-07-15,Complaint,Medium
TK00887,CUST0646,2023-12-18,Feature Request,High
TK00888,CUST0647,2023-03-17,Complaint,Medium
TK00889,CUST0648,2024-05-19,Complaint,Medium
TK00890,CUST0649,2023-12-15,Complaint,Low
TK00891,CUST0650,2023-08-22,Complaint,Low
TK00892,CUST0651,2023-08-22,Bug Report,Medium
TK00893,CUST0651,2023-07-23,Complaint,High
TK00894,CUST0651,2023-06-23,Complaint,High
TK00895,CUST0651,2023-04-16,Complaint,Medium
TK00896,CUST0651,2023-06-27,Complaint,Medium
TK00897,CUST0652,2024-01-04,Bug Report,Medium
TK00898,CUST0652,2023-12-01,Bug Report,High
TK00899,CUST0652,2024-01-04,Complaint,High
TK00900,CUST0652,2023-10-23,Bug Report,High
TK00901,CUST0655,2023-06-30,Bug Report,Medium
TK00902,CUST0655,2023-09-01,Billing Question,Low
TK00903,CUST0655,2024-03-07,Complaint,Low
TK00904,CUST0656,2023-07-05,Bug Report,Medium
TK00905,CUST0656,2023-05-06,Complaint,High
TK00906,CUST0656,2023-05-17,Complaint,Medium
TK00907,CUST0656,2023-06-20,Complaint,Medium
TK00908,CUST0656,2023-03-28,Complaint,Low
TK00909,CUST0656,2023-07-13,Complaint,Medium
TK00910,CUST0656,2023-08-10,Billing Question,Low
TK00911,CUST0656,2023-08-26,Complaint,High
TK00912,CUST0657,2024-05-21,Feature Request,Low
TK00913,CUST0658,2023-06-26,Billing Question,Medium
TK00914,CUST0658,2023-07-14,Bug Report,Low
TK00915,CUST0659,2023-12-20,Bug Report,High
TK00916,CUST0660,2024-06-02,Bug Report,High
TK00917,CUST0660,2024-06-08,Complaint,Low
TK00918,CUST0660,2024-05-24,Complaint,Low
TK00919,CUST0661,2024-01-10,Billing Question,Low
TK00920,CUST0661,2023-05-19,Bug Report,High
TK00921,CUST0661,2023-06-27,Feature Request,Medium
TK00922,CUST0662,2023-05-13,Feature Request,Low
TK00923,CUST0665,2023-10-28,Feature Request,Low
TK00924,CUST0667,2023-08-24,Billing Question,Low
TK00925,CUST0667,2023-05-04,Complaint,Medium
TK00926,CUST0667,2024-02-26,Feature Request,Low
TK00927,CUST0668,2023-10-13,Bug Report,Medium
TK00928,CUST0668,2023-09-02,Feature Request,Low
TK00929,CUST0669,2023-10-24,Bug Report,Medium
TK00930,CUST0669,2023-12-11,Feature Request,Medium
TK00931,CUST0670,2024-03-06,Feature Request,Medium
TK00932,CUST0670,2023-11-10,Complaint,Medium
TK00933,CUST0670,2023-09-09,Billing Question,Medium
TK00934,CUST0670,2024-05-25,Complaint,Medium
TK00935,CUST0671,2024-04-07,Bug Report,Low
TK00936,CUST0672,2023-09-03,Feature Request,Low
TK00937,CUST0673,2024-01-02,Billing Question,Medium
TK00938,CUST0673,2024-05-23,Billing Question,Medium
TK00939,CUST0673,2024-05-27,Complaint,High
TK00940,CUST0674,2024-03-26,Bug Report,Medium
TK00941,CUST0674,2024-02-03,Feature Request,Low
TK00942,CUST0675,2024-03-16,Bug Report,Low
TK00943,CUST0677,2023-02-06,Feature Request,Low
TK00944,CUST0677,2023-04-12,Billing Question,Low
TK00945,CUST0678,2024-01-03,Feature Request,Low
TK00946,CUST0682,2024-06-01,Feature Request,Low
TK00947,CUST0684,2024-04-06,Billing Question,Low
TK00948,CUST0685,2023-08-17,Billing Question,Low
TK00949,CUST0685,2024-01-30,Billing Question,Medium
TK00950,CUST0686,2023-12-07,Billing Question,Low
TK00951,CUST0687,2023-06-22,Billing Question,Medium
TK00952,CUST0689,2024-03-16,Feature Request,Low
TK00953,CUST0689,2024-04-24,Bug Report,Low
TK00954,CUST0689,2023-10-30,Bug Report,Medium
TK00955,CUST0689,2024-01-14,Complaint,Medium
TK00956,CUST0690,2024-02-06,Bug Report,Medium
TK00957,CUST0692,2024-05-18,Feature Request,Medium
TK00958,CUST0692,2024-05-03,Complaint,Medium
TK00959,CUST0693,2023-07-21,Feature Request,Low
TK00960,CUST0693,2023-08-01,Feature Request,Low
TK00961,CUST0694,2023-08-01,Billing Question,Low
TK00962,CUST0694,2023-05-21,Complaint,Low
TK00963,CUST0694,2023-11-28,Bug Report,Low
TK00964,CUST0695,2024-04-13,Complaint,Medium
TK00965,CUST0698,2024-05-01,Billing Question,Low
TK00966,CUST0698,2024-02-24,Bug Report,Medium
TK00967,CUST0698,2024-04-02,Complaint,Low
TK00968,CUST0699,2023-07-14,Bug Report,High
TK00969,CUST0699,2023-07-30,Billing Question,Low
TK00970,CUST0699,2023-06-04,Billing Question,High
TK00971,CUST0699,2023-06-03,Bug Report,Medium
TK00972,CUST0699,2023-07-29,Bug Report,High
TK00973,CUST0699,2023-08-23,Bug Report,Medium
TK00974,CUST0700,2024-04-30,Complaint,Low
TK00975,CUST0700,2024-05-15,Feature Request,Low
